{"np_model_id":"phi3-mini","hf_model_name":"microsoft/Phi-3-mini-128k-instruct","n_layers_config":32,"d_model":3072,"dtype":"bfloat16","smoke_mode":false,"num_key_value_heads":32,"head_dim":96,"n_layers_cache":32,"neutral":{"n_prompts":100,"max_seq_len":128,"l_tot":12800,"per_layer":{"0":{"key_erank":181.6816864013672,"key_ner":0.05914117395877838,"key_r":3072,"value_erank":911.6595458984375,"value_ner":0.29676417509714764,"value_r":3072,"hidden_pr":52.01458740234375},"1":{"key_erank":219.1506805419922,"key_ner":0.07133811215559642,"key_r":3072,"value_erank":1126.0987548828125,"value_ner":0.3665686051050822,"value_r":3072,"hidden_pr":15.097137451171875},"2":{"key_erank":300.8155212402344,"key_ner":0.09792171915372212,"key_r":3072,"value_erank":1521.383544921875,"value_ner":0.49524203936258954,"value_r":3072,"hidden_pr":1.014296293258667},"3":{"key_erank":826.735595703125,"key_ner":0.269119660059611,"key_r":3072,"value_erank":1772.9322509765625,"value_ner":0.5771263837814331,"value_r":3072,"hidden_pr":1.015838623046875},"4":{"key_erank":1302.6424560546875,"key_ner":0.42403725783030194,"key_r":3072,"value_erank":1827.23486328125,"value_ner":0.5948030153910319,"value_r":3072,"hidden_pr":1.006786823272705},"5":{"key_erank":1461.2978515625,"key_ner":0.47568289438883465,"key_r":3072,"value_erank":1843.0234375,"value_ner":0.5999425252278646,"value_r":3072,"hidden_pr":1.0078469514846802},"6":{"key_erank":1609.9866943359375,"key_ner":0.524084210395813,"key_r":3072,"value_erank":1831.9764404296875,"value_ner":0.5963464975357056,"value_r":3072,"hidden_pr":1.0093320608139038},"7":{"key_erank":1670.912109375,"key_ner":0.5439167022705078,"key_r":3072,"value_erank":1836.147216796875,"value_ner":0.5977041721343994,"value_r":3072,"hidden_pr":1.005508303642273},"8":{"key_erank":1627.7318115234375,"key_ner":0.5298606157302856,"key_r":3072,"value_erank":1776.776123046875,"value_ner":0.5783776442209879,"value_r":3072,"hidden_pr":1.007538080215454},"9":{"key_erank":1557.4212646484375,"key_ner":0.5069730679194132,"key_r":3072,"value_erank":1692.052734375,"value_ner":0.5507984161376953,"value_r":3072,"hidden_pr":1.0097031593322754},"10":{"key_erank":1594.302001953125,"key_ner":0.5189785162607828,"key_r":3072,"value_erank":1699.8509521484375,"value_ner":0.5533368984858195,"value_r":3072,"hidden_pr":1.01212477684021},"11":{"key_erank":1609.4202880859375,"key_ner":0.5238998333613077,"key_r":3072,"value_erank":1680.9486083984375,"value_ner":0.5471837917963663,"value_r":3072,"hidden_pr":1.0141947269439697},"12":{"key_erank":1608.18212890625,"key_ner":0.5234967867533366,"key_r":3072,"value_erank":1722.9638671875,"value_ner":0.5608606338500977,"value_r":3072,"hidden_pr":1.0172678232192993},"13":{"key_erank":1637.50732421875,"key_ner":0.5330427487691244,"key_r":3072,"value_erank":1646.0545654296875,"value_ner":0.5358250538508097,"value_r":3072,"hidden_pr":1.0217705965042114},"14":{"key_erank":1639.4456787109375,"key_ner":0.5336737235387167,"key_r":3072,"value_erank":1689.534912109375,"value_ner":0.5499788125356039,"value_r":3072,"hidden_pr":1.026289701461792},"15":{"key_erank":1574.924072265625,"key_ner":0.5126705964406332,"key_r":3072,"value_erank":1669.574951171875,"value_ner":0.5434814294179281,"value_r":3072,"hidden_pr":1.031112790107727},"16":{"key_erank":1627.6456298828125,"key_ner":0.5298325618108114,"key_r":3072,"value_erank":1727.1796875,"value_ner":0.5622329711914062,"value_r":3072,"hidden_pr":1.0374621152877808},"17":{"key_erank":1598.1929931640625,"key_ner":0.5202451149622599,"key_r":3072,"value_erank":1786.8221435546875,"value_ner":0.5816478331883749,"value_r":3072,"hidden_pr":1.0489641427993774},"18":{"key_erank":1644.487060546875,"key_ner":0.5353147983551025,"key_r":3072,"value_erank":1784.1649169921875,"value_ner":0.5807828505833944,"value_r":3072,"hidden_pr":1.0673699378967285},"19":{"key_erank":1634.19677734375,"key_ner":0.5319650967915853,"key_r":3072,"value_erank":1708.9884033203125,"value_ner":0.5563113292058309,"value_r":3072,"hidden_pr":1.0820947885513306},"20":{"key_erank":1681.3502197265625,"key_ner":0.5473145246505737,"key_r":3072,"value_erank":1786.986572265625,"value_ner":0.5817013581593832,"value_r":3072,"hidden_pr":1.1102705001831055},"21":{"key_erank":1731.157958984375,"key_ner":0.5635279814402262,"key_r":3072,"value_erank":1780.7032470703125,"value_ner":0.5796560049057007,"value_r":3072,"hidden_pr":1.15243661403656},"22":{"key_erank":1779.5003662109375,"key_ner":0.5792644421259562,"key_r":3072,"value_erank":1816.4981689453125,"value_ner":0.5913079977035522,"value_r":3072,"hidden_pr":1.2193524837493896},"23":{"key_erank":1855.0469970703125,"key_ner":0.6038564443588257,"key_r":3072,"value_erank":1842.919677734375,"value_ner":0.5999087492624918,"value_r":3072,"hidden_pr":1.298152208328247},"24":{"key_erank":1861.263427734375,"key_ner":0.6058800220489502,"key_r":3072,"value_erank":1858.2198486328125,"value_ner":0.6048892736434937,"value_r":3072,"hidden_pr":1.424925684928894},"25":{"key_erank":1886.7869873046875,"key_ner":0.6141884724299113,"key_r":3072,"value_erank":1841.695068359375,"value_ner":0.599510113398234,"value_r":3072,"hidden_pr":1.5671786069869995},"26":{"key_erank":1873.9044189453125,"key_ner":0.6099949280420939,"key_r":3072,"value_erank":1883.240234375,"value_ner":0.6130339304606119,"value_r":3072,"hidden_pr":1.7147525548934937},"27":{"key_erank":1934.0340576171875,"key_ner":0.6295683781305949,"key_r":3072,"value_erank":1909.70703125,"value_ner":0.621649424235026,"value_r":3072,"hidden_pr":1.8561879396438599},"28":{"key_erank":1944.2607421875,"key_ner":0.6328973770141602,"key_r":3072,"value_erank":1969.9781494140625,"value_ner":0.6412689288457235,"value_r":3072,"hidden_pr":2.0478830337524414},"29":{"key_erank":1974.6090087890625,"key_ner":0.642776370048523,"key_r":3072,"value_erank":2000.15283203125,"value_ner":0.6510914166768392,"value_r":3072,"hidden_pr":6.493483543395996},"30":{"key_erank":1967.8714599609375,"key_ner":0.6405831575393677,"key_r":3072,"value_erank":1968.5771484375,"value_ner":0.640812873840332,"value_r":3072,"hidden_pr":9.56171703338623},"31":{"key_erank":1904.457275390625,"key_ner":0.6199405193328857,"key_r":3072,"value_erank":1963.500732421875,"value_ner":0.6391603946685791,"value_r":3072,"hidden_pr":18.959470748901367}}},"neutral_elapsed_s":199.80555653572083}