{
 "chatglm3-6b": {
  "L": 28,
  "adj_median": NaN,
  "thr0.85": null,
  "thr0.9": null,
  "thr0.95": null,
  "quantile75": null,
  "q75_value": NaN
 },
 "gemma-3-12b": {
  "L": 48,
  "adj_median": 0.9374441504478455,
  "thr0.85": {
   "band": [
    23,
    38
   ],
   "depth": [
    0.4791666666666667,
    0.7916666666666666
   ],
   "coverage": 0.44680851063829785
  },
  "thr0.9": {
   "band": [
    23,
    38
   ],
   "depth": [
    0.4791666666666667,
    0.7916666666666666
   ],
   "coverage": 0.44680851063829785
  },
  "thr0.95": {
   "band": [
    23,
    38
   ],
   "depth": [
    0.4791666666666667,
    0.7916666666666666
   ],
   "coverage": 0.425531914893617
  },
  "quantile75": {
   "band": [
    34,
    39
   ],
   "depth": [
    0.7083333333333334,
    0.8125
   ],
   "coverage": 0.10638297872340426
  },
  "q75_value": 0.9748484492301941
 },
 "gemma-3-1b": {
  "L": 26,
  "adj_median": 0.8505514860153198,
  "thr0.85": {
   "band": [
    11,
    18
   ],
   "depth": [
    0.4230769230769231,
    0.6923076923076923
   ],
   "coverage": 0.48
  },
  "thr0.9": {
   "band": [
    17,
    23
   ],
   "depth": [
    0.6538461538461539,
    0.8846153846153846
   ],
   "coverage": 0.24
  },
  "thr0.95": {
   "band": [
    17,
    23
   ],
   "depth": [
    0.6538461538461539,
    0.8846153846153846
   ],
   "coverage": 0.24
  },
  "quantile75": {
   "band": [
    17,
    23
   ],
   "depth": [
    0.6538461538461539,
    0.8846153846153846
   ],
   "coverage": 0.24
  },
  "q75_value": 0.9380679130554199
 },
 "gemma-3-270m": {
  "L": 18,
  "adj_median": 0.6367353200912476,
  "thr0.85": {
   "band": [
    13,
    16
   ],
   "depth": [
    0.7222222222222222,
    0.8888888888888888
   ],
   "coverage": 0.17647058823529413
  },
  "thr0.9": {
   "band": [
    14,
    15
   ],
   "depth": [
    0.7777777777777778,
    0.8333333333333334
   ],
   "coverage": 0.058823529411764705
  },
  "thr0.95": null,
  "quantile75": {
   "band": [
    12,
    16
   ],
   "depth": [
    0.6666666666666666,
    0.8888888888888888
   ],
   "coverage": 0.23529411764705882
  },
  "q75_value": 0.757515013217926
 },
 "gemma-3-27b": {
  "L": 62,
  "adj_median": 0.9525517821311951,
  "thr0.85": {
   "band": [
    27,
    46
   ],
   "depth": [
    0.43548387096774194,
    0.7419354838709677
   ],
   "coverage": 0.5573770491803278
  },
  "thr0.9": {
   "band": [
    29,
    48
   ],
   "depth": [
    0.46774193548387094,
    0.7741935483870968
   ],
   "coverage": 0.47540983606557374
  },
  "thr0.95": {
   "band": [
    36,
    54
   ],
   "depth": [
    0.5806451612903226,
    0.8709677419354839
   ],
   "coverage": 0.29508196721311475
  },
  "quantile75": {
   "band": [
    44,
    51
   ],
   "depth": [
    0.7096774193548387,
    0.8225806451612904
   ],
   "coverage": 0.11475409836065574
  },
  "q75_value": 0.9810346364974976
 },
 "gemma-3-4b": {
  "L": 34,
  "adj_median": 0.901350200176239,
  "thr0.85": {
   "band": [
    17,
    27
   ],
   "depth": [
    0.5,
    0.7941176470588235
   ],
   "coverage": 0.45454545454545453
  },
  "thr0.9": {
   "band": [
    17,
    27
   ],
   "depth": [
    0.5,
    0.7941176470588235
   ],
   "coverage": 0.42424242424242425
  },
  "thr0.95": {
   "band": [
    23,
    31
   ],
   "depth": [
    0.6764705882352942,
    0.9117647058823529
   ],
   "coverage": 0.24242424242424243
  },
  "quantile75": {
   "band": [
    23,
    29
   ],
   "depth": [
    0.6764705882352942,
    0.8529411764705882
   ],
   "coverage": 0.18181818181818182
  },
  "q75_value": 0.9635885953903198
 },
 "llama-3.1-8b": {
  "L": 32,
  "adj_median": 0.9724106192588806,
  "thr0.85": {
   "band": [
    0,
    9
   ],
   "depth": [
    0.0,
    0.28125
   ],
   "coverage": 0.967741935483871
  },
  "thr0.9": {
   "band": [
    1,
    10
   ],
   "depth": [
    0.03125,
    0.3125
   ],
   "coverage": 0.9354838709677419
  },
  "thr0.95": {
   "band": [
    4,
    13
   ],
   "depth": [
    0.125,
    0.40625
   ],
   "coverage": 0.8387096774193549
  },
  "quantile75": {
   "band": [
    21,
    28
   ],
   "depth": [
    0.65625,
    0.875
   ],
   "coverage": 0.22580645161290322
  },
  "q75_value": 0.9837998747825623
 },
 "mistral-7b": {
  "L": 32,
  "adj_median": 0.9773017764091492,
  "thr0.85": {
   "band": [
    0,
    9
   ],
   "depth": [
    0.0,
    0.28125
   ],
   "coverage": 0.967741935483871
  },
  "thr0.9": {
   "band": [
    1,
    10
   ],
   "depth": [
    0.03125,
    0.3125
   ],
   "coverage": 0.9354838709677419
  },
  "thr0.95": {
   "band": [
    8,
    17
   ],
   "depth": [
    0.25,
    0.53125
   ],
   "coverage": 0.7096774193548387
  },
  "quantile75": {
   "band": [
    20,
    28
   ],
   "depth": [
    0.625,
    0.875
   ],
   "coverage": 0.25806451612903225
  },
  "q75_value": 0.9814655184745789
 },
 "mistral-nemo": {
  "L": 40,
  "adj_median": 0.9992508888244629,
  "thr0.85": {
   "band": [
    0,
    12
   ],
   "depth": [
    0.0,
    0.3
   ],
   "coverage": 0.9743589743589743
  },
  "thr0.9": {
   "band": [
    0,
    12
   ],
   "depth": [
    0.0,
    0.3
   ],
   "coverage": 0.9743589743589743
  },
  "thr0.95": {
   "band": [
    0,
    12
   ],
   "depth": [
    0.0,
    0.3
   ],
   "coverage": 0.9487179487179487
  },
  "quantile75": {
   "band": [
    0,
    10
   ],
   "depth": [
    0.0,
    0.25
   ],
   "coverage": 0.2564102564102564
  },
  "q75_value": 0.9997897148132324
 },
 "phi3-mini": {
  "L": 32,
  "adj_median": 0.9821394681930542,
  "thr0.85": {
   "band": [
    7,
    16
   ],
   "depth": [
    0.21875,
    0.5
   ],
   "coverage": 0.6774193548387096
  },
  "thr0.9": {
   "band": [
    7,
    16
   ],
   "depth": [
    0.21875,
    0.5
   ],
   "coverage": 0.6774193548387096
  },
  "thr0.95": {
   "band": [
    13,
    22
   ],
   "depth": [
    0.40625,
    0.6875
   ],
   "coverage": 0.4838709677419355
  },
  "quantile75": {
   "band": [
    2,
    6
   ],
   "depth": [
    0.0625,
    0.1875
   ],
   "coverage": 0.12903225806451613
  },
  "q75_value": 0.9846609830856323
 },
 "qwen06b": {
  "L": 28,
  "adj_median": 0.9507344365119934,
  "thr0.85": {
   "band": [
    14,
    22
   ],
   "depth": [
    0.5,
    0.7857142857142857
   ],
   "coverage": 0.4444444444444444
  },
  "thr0.9": {
   "band": [
    14,
    22
   ],
   "depth": [
    0.5,
    0.7857142857142857
   ],
   "coverage": 0.4444444444444444
  },
  "thr0.95": {
   "band": [
    16,
    24
   ],
   "depth": [
    0.5714285714285714,
    0.8571428571428571
   ],
   "coverage": 0.3333333333333333
  },
  "quantile75": {
   "band": [
    21,
    24
   ],
   "depth": [
    0.75,
    0.8571428571428571
   ],
   "coverage": 0.1111111111111111
  },
  "q75_value": 0.9663955569267273
 },
 "qwen17b": {
  "L": 28,
  "adj_median": 0.9473229646682739,
  "thr0.85": {
   "band": [
    14,
    22
   ],
   "depth": [
    0.5,
    0.7857142857142857
   ],
   "coverage": 0.4444444444444444
  },
  "thr0.9": {
   "band": [
    14,
    22
   ],
   "depth": [
    0.5,
    0.7857142857142857
   ],
   "coverage": 0.4444444444444444
  },
  "thr0.95": {
   "band": [
    20,
    25
   ],
   "depth": [
    0.7142857142857143,
    0.8928571428571429
   ],
   "coverage": 0.18518518518518517
  },
  "quantile75": {
   "band": [
    20,
    24
   ],
   "depth": [
    0.7142857142857143,
    0.8571428571428571
   ],
   "coverage": 0.14814814814814814
  },
  "q75_value": 0.9631983637809753
 },
 "qwen3-14b": {
  "L": 40,
  "adj_median": 0.9784789085388184,
  "thr0.85": {
   "band": [
    1,
    13
   ],
   "depth": [
    0.025,
    0.325
   ],
   "coverage": 0.9487179487179487
  },
  "thr0.9": {
   "band": [
    1,
    13
   ],
   "depth": [
    0.025,
    0.325
   ],
   "coverage": 0.9487179487179487
  },
  "thr0.95": {
   "band": [
    21,
    33
   ],
   "depth": [
    0.525,
    0.825
   ],
   "coverage": 0.41025641025641024
  },
  "quantile75": {
   "band": [
    14,
    18
   ],
   "depth": [
    0.35,
    0.45
   ],
   "coverage": 0.10256410256410256
  },