{"np_model_id":"gemma-3-270m","hf_model_name":"google/gemma-3-270m","n_layers_config":18,"d_model":640,"dtype":"bfloat16","smoke_mode":false,"num_key_value_heads":1,"head_dim":256,"n_layers_cache":18,"neutral":{"n_prompts":100,"max_seq_len":128,"l_tot":12797,"per_layer":{"0":{"key_erank":202.914306640625,"key_ner":0.7926340103149414,"key_r":256,"value_erank":209.72117614746094,"value_ner":0.8192233443260193,"value_r":256,"hidden_pr":1.0627461671829224},"1":{"key_erank":194.62075805664062,"key_ner":0.7602373361587524,"key_r":256,"value_erank":217.3008575439453,"value_ner":0.8488314747810364,"value_r":256,"hidden_pr":1.2923383712768555},"2":{"key_erank":133.3076629638672,"key_ner":0.5207330584526062,"key_r":256,"value_erank":203.92337036132812,"value_ner":0.796575665473938,"value_r":256,"hidden_pr":1.4424622058868408},"3":{"key_erank":182.80313110351562,"key_ner":0.7140747308731079,"key_r":256,"value_erank":218.66883850097656,"value_ner":0.8541751503944397,"value_r":256,"hidden_pr":1.9364879131317139},"4":{"key_erank":131.2674560546875,"key_ner":0.512763500213623,"key_r":256,"value_erank":218.9105682373047,"value_ner":0.8551194071769714,"value_r":256,"hidden_pr":1.2292108535766602},"5":{"key_erank":76.01782989501953,"key_ner":0.29694464802742004,"key_r":256,"value_erank":210.78077697753906,"value_ner":0.823362410068512,"value_r":256,"hidden_pr":1.1077247858047485},"6":{"key_erank":159.51026916503906,"key_ner":0.6230869889259338,"key_r":256,"value_erank":226.05746459960938,"value_ner":0.8830369710922241,"value_r":256,"hidden_pr":1.0696299076080322},"7":{"key_erank":157.6812286376953,"key_ner":0.6159422993659973,"key_r":256,"value_erank":225.4666748046875,"value_ner":0.8807291984558105,"value_r":256,"hidden_pr":1.0524241924285889},"8":{"key_erank":165.0265350341797,"key_ner":0.6446349024772644,"key_r":256,"value_erank":220.3351287841797,"value_ner":0.8606840968132019,"value_r":256,"hidden_pr":1.0383660793304443},"9":{"key_erank":150.05645751953125,"key_ner":0.586158037185669,"key_r":256,"value_erank":226.461181640625,"value_ner":0.8846139907836914,"value_r":256,"hidden_pr":1.0465081930160522},"10":{"key_erank":137.0782928466797,"key_ner":0.5354620814323425,"key_r":256,"value_erank":220.8937225341797,"value_ner":0.8628661036491394,"value_r":256,"hidden_pr":1.1137146949768066},"11":{"key_erank":83.23826599121094,"key_ner":0.3251494765281677,"key_r":256,"value_erank":228.34718322753906,"value_ner":0.8919811844825745,"value_r":256,"hidden_pr":1.4180017709732056},"12":{"key_erank":120.22813415527344,"key_ner":0.46964114904403687,"key_r":256,"value_erank":223.82955932617188,"value_ner":0.8743342161178589,"value_r":256,"hidden_pr":2.2784078121185303},"13":{"key_erank":189.4088592529297,"key_ner":0.7398783564567566,"key_r":256,"value_erank":226.85675048828125,"value_ner":0.8861591815948486,"value_r":256,"hidden_pr":2.6245808601379395},"14":{"key_erank":151.7699737548828,"key_ner":0.592851459980011,"key_r":256,"value_erank":222.8599853515625,"value_ner":0.870546817779541,"value_r":256,"hidden_pr":3.153992176055908},"15":{"key_erank":128.215087890625,"key_ner":0.5008401870727539,"key_r":256,"value_erank":228.46731567382812,"value_ner":0.8924504518508911,"value_r":256,"hidden_pr":5.356487274169922},"16":{"key_erank":160.20437622070312,"key_ner":0.6257983446121216,"key_r":256,"value_erank":224.25132751464844,"value_ner":0.8759817481040955,"value_r":256,"hidden_pr":13.145124435424805},"17":{"key_erank":165.17257690429688,"key_ner":0.6452053785324097,"key_r":256,"value_erank":232.28390502929688,"value_ner":0.9073590040206909,"value_r":256,"hidden_pr":39.99981689453125}}},"neutral_elapsed_s":10.748852729797363,"capacity_list":{"seed0":{"l_tot":162,"per_layer":{"0":{"key_erank":86.65283966064453,"key_ner":0.5348940719792872,"key_r":162,"value_erank":58.0418815612793,"value_ner":0.3582832195140697,"value_r":162,"hidden_pr":1.025213360786438},"1":{"key_erank":70.05715942382812,"key_ner":0.4324516013816551,"key_r":162,"value_erank":64.0542221069336,"value_ner":0.39539643275884934,"value_r":162,"hidden_pr":1.3034155368804932},"2":{"key_erank":49.755733489990234,"key_ner":0.3071341573456187,"key_r":162,"value_erank":56.69826126098633,"value_ner":0.3499892670431255,"value_r":162,"hidden_pr":1.4567478895187378},"3":{"key_erank":87.99962615966797,"key_ner":0.5432075688868393,"key_r":162,"value_erank":68.51010131835938,"value_ner":0.4229018599898727,"value_r":162,"hidden_pr":2.052339792251587},"4":{"key_erank":49.0258674621582,"key_ner":0.3026288114948037,"key_r":162,"value_erank":64.70067596435547,"value_ner":0.3993868886688609,"value_r":162,"hidden_pr":1.207385778427124},"5":{"key_erank":40.61513137817383,"key_ner":0.2507106875195915,"key_r":162,"value_erank":66.14745330810547,"value_ner":0.40831761301299674,"value_r":162,"hidden_pr":1.0855989456176758},"6":{"key_erank":64.37861633300781,"key_ner":0.39739886625313464,"key_r":162,"value_erank":70.03561401367188,"value_ner":0.4323186050226659,"value_r":162,"hidden_pr":1.0492420196533203},"7":{"key_erank":59.51905822753906,"key_ner":0.3674015939971547,"key_r":162,"value_erank":66.05633544921875,"value_ner":0.4077551570939429,"value_r":162,"hidden_pr":1.0390385389328003},"8":{"key_erank":67.39959716796875,"key_ner":0.41604689609857254,"key_r":162,"value_erank":60.35012435913086,"value_ner":0.3725316318464868,"value_r":162,"hidden_pr":1.0266817808151245},"9":{"key_erank":54.939430236816406,"key_ner":0.33913228541244694,"key_r":162,"value_erank":63.83831024169922,"value_ner":0.3940636434672791,"value_r":162,"hidden_pr":1.0334010124206543},"10":{"key_erank":53.994285583496094,"key_ner":0.3332980591573833,"key_r":162,"value_erank":64.11392974853516,"value_ner":0.3957649984477479,"value_r":162,"hidden_pr":1.0654568672180176},"11":{"key_erank":39.43452072143555,"key_ner":0.24342296741626882,"key_r":162,"value_erank":86.85545349121094,"value_ner":0.5361447746371045,"value_r":162,"hidden_pr":1.2157000303268433},"12":{"key_erank":43.09440612792969,"key_ner":0.2660148526415413,"key_r":162,"value_erank":85.1070327758789,"value_ner":0.525352054172092,"value_r":162,"hidden_pr":1.5296809673309326},"13":{"key_erank":84.23174285888672,"key_ner":0.5199490299931279,"key_r":162,"value_erank":82.69528198242188,"value_ner":0.5104647035951968,"value_r":162,"hidden_pr":1.791734218597412},"14":{"key_erank":55.800743103027344,"key_ner":0.3444490315001688,"key_r":162,"value_erank":80.44906616210938,"value_ner":0.4965991738401813,"value_r":162,"hidden_pr":1.9184930324554443},"15":{"key_erank":42.190853118896484,"key_ner":0.2604373649314598,"key_r":162,"value_erank":76.92828369140625,"value_ner":0.47486594871238424,"value_r":162,"hidden_pr":2.3981008529663086},"16":{"key_erank":56.76118469238281,"key_ner":0.35037768328631363,"key_r":162,"value_erank":68.03927612304688,"value_ner":0.41999553162374614,"value_r":162,"hidden_pr":3.0154314041137695},"17":{"key_erank":76.38099670410156,"key_ner":0.47148763397593557,"key_r":162,"value_erank":83.1482162475586,"value_ner":0.5132605941207321,"value_r":162,"hidden_pr":7.904091835021973}}},"seed1":{"l_tot":162,"per_layer":{"0":{"key_erank":86.79757690429688,"key_ner":0.535787511754919,"key_r":162,"value_erank":59.10765838623047,"value_ner":0.36486208880389176,"value_r":162,"hidden_pr":1.0263950824737549},"1":{"key_erank":69.97899627685547,"key_ner":0.4319691128200955,"key_r":162,"value_erank":64.06977081298828,"value_ner":0.3954924124258536,"value_r":162,"hidden_pr":1.2855795621871948},"2":{"key_erank":49.82548904418945,"key_ner":0.3075647471863546,"key_r":162,"value_erank":56.816287994384766,"value_ner":0.3507178271258319,"value_r":162,"hidden_pr":1.4540410041809082},"3":{"key_erank":88.17957305908203,"key_ner":0.5443183522165558,"key_r":162,"value_erank":68.84530639648438,"value_ner":0.4249710271387924,"value_r":162,"hidden_pr":2.051504611968994},"4":{"key_erank":48.95551681518555,"key_ner":0.3021945482418861,"key_r":162,"value_erank":64.71919250488281,"value_ner":0.39950118830174575,"value_r":162,