{"np_model_id":"gemma-3-1b","hf_model_name":"google/gemma-3-1b-pt","n_layers_config":26,"d_model":1152,"dtype":"bfloat16","smoke_mode":false,"num_key_value_heads":1,"head_dim":256,"n_layers_cache":26,"neutral":{"n_prompts":100,"max_seq_len":128,"l_tot":12797,"per_layer":{"0":{"key_erank":190.0754852294922,"key_ner":0.7424823641777039,"key_r":256,"value_erank":201.6180419921875,"value_ner":0.7875704765319824,"value_r":256,"hidden_pr":4.391869068145752},"1":{"key_erank":199.1958770751953,"key_ner":0.7781088948249817,"key_r":256,"value_erank":211.86300659179688,"value_ner":0.8275898694992065,"value_r":256,"hidden_pr":5.976062297821045},"2":{"key_erank":84.46139526367188,"key_ner":0.32992732524871826,"key_r":256,"value_erank":212.38644409179688,"value_ner":0.8296345472335815,"value_r":256,"hidden_pr":2.2205426692962646},"3":{"key_erank":189.5057830810547,"key_ner":0.7402569651603699,"key_r":256,"value_erank":222.22434997558594,"value_ner":0.8680638670921326,"value_r":256,"hidden_pr":1.3379772901535034},"4":{"key_erank":162.1616973876953,"key_ner":0.6334441304206848,"key_r":256,"value_erank":231.43580627441406,"value_ner":0.9040461182594299,"value_r":256,"hidden_pr":1.161861777305603},"5":{"key_erank":109.64642333984375,"key_ner":0.42830634117126465,"key_r":256,"value_erank":190.6407012939453,"value_ner":0.7446902394294739,"value_r":256,"hidden_pr":1.1490283012390137},"6":{"key_erank":178.19924926757812,"key_ner":0.696090817451477,"key_r":256,"value_erank":235.86659240722656,"value_ner":0.9213538765907288,"value_r":256,"hidden_pr":1.0987210273742676},"7":{"key_erank":164.66738891601562,"key_ner":0.643231987953186,"key_r":256,"value_erank":223.2296905517578,"value_ner":0.871990978717804,"value_r":256,"hidden_pr":1.0596847534179688},"8":{"key_erank":178.64967346191406,"key_ner":0.6978502869606018,"key_r":256,"value_erank":229.87710571289062,"value_ner":0.897957444190979,"value_r":256,"hidden_pr":1.068071961402893},"9":{"key_erank":172.04229736328125,"key_ner":0.6720402240753174,"key_r":256,"value_erank":225.6108856201172,"value_ner":0.8812925219535828,"value_r":256,"hidden_pr":1.0569692850112915},"10":{"key_erank":145.65728759765625,"key_ner":0.5689737796783447,"key_r":256,"value_erank":218.46592712402344,"value_ner":0.8533825278282166,"value_r":256,"hidden_pr":1.0567972660064697},"11":{"key_erank":116.4706039428711,"key_ner":0.4549632966518402,"key_r":256,"value_erank":145.117919921875,"value_ner":0.5668668746948242,"value_r":256,"hidden_pr":1.0642985105514526},"12":{"key_erank":130.64749145507812,"key_ner":0.5103417634963989,"key_r":256,"value_erank":227.1154327392578,"value_ner":0.8871696591377258,"value_r":256,"hidden_pr":1.0771642923355103},"13":{"key_erank":163.56663513183594,"key_ner":0.6389321684837341,"key_r":256,"value_erank":233.46263122558594,"value_ner":0.9119634032249451,"value_r":256,"hidden_pr":1.1051548719406128},"14":{"key_erank":164.83802795410156,"key_ner":0.6438985466957092,"key_r":256,"value_erank":226.3730926513672,"value_ner":0.8842698931694031,"value_r":256,"hidden_pr":1.1527639627456665},"15":{"key_erank":161.8868865966797,"key_ner":0.63237065076828,"key_r":256,"value_erank":225.07749938964844,"value_ner":0.8792089819908142,"value_r":256,"hidden_pr":1.2423882484436035},"16":{"key_erank":138.21218872070312,"key_ner":0.5398913621902466,"key_r":256,"value_erank":223.22000122070312,"value_ner":0.8719531297683716,"value_r":256,"hidden_pr":1.433224081993103},"17":{"key_erank":100.34310913085938,"key_ner":0.39196527004241943,"key_r":256,"value_erank":235.03074645996094,"value_ner":0.9180888533592224,"value_r":256,"hidden_pr":1.6038017272949219},"18":{"key_erank":162.93740844726562,"key_ner":0.6364742517471313,"key_r":256,"value_erank":232.95831298828125,"value_ner":0.9099934101104736,"value_r":256,"hidden_pr":1.7984567880630493},"19":{"key_erank":191.2653350830078,"key_ner":0.7471302151679993,"key_r":256,"value_erank":230.8245849609375,"value_ner":0.9016585350036621,"value_r":256,"hidden_pr":2.1404190063476562},"20":{"key_erank":157.8027801513672,"key_ner":0.6164171099662781,"key_r":256,"value_erank":221.60394287109375,"value_ner":0.86564040184021,"value_r":256,"hidden_pr":2.6438238620758057},"21":{"key_erank":162.94346618652344,"key_ner":0.6364979147911072,"key_r":256,"value_erank":213.67713928222656,"value_ner":0.8346763253211975,"value_r":256,"hidden_pr":3.0528564453125},"22":{"key_erank":166.22198486328125,"key_ner":0.6493046283721924,"key_r":256,"value_erank":232.18768310546875,"value_ner":0.9069831371307373,"value_r":256,"hidden_pr":3.766136407852173},"23":{"key_erank":139.42730712890625,"key_ner":0.54463791847229,"key_r":256,"value_erank":237.18255615234375,"value_ner":0.9264943599700928,"value_r":256,"hidden_pr":5.4045209884643555},"24":{"key_erank":160.0147247314453,"key_ner":0.6250575184822083,"key_r":256,"value_erank":226.60311889648438,"value_ner":0.8851684331893921,"value_r":256,"hidden_pr":13.17318344116211},"25":{"key_erank":170.0005645751953,"key_ner":0.6640647053718567,"key_r":256,"value_erank":227.14111328125,"value_ner":0.8872699737548828,"value_r":256,"hidden_pr":49.99601745605469}}},"neutral_elapsed_s":22.650333881378174,"capacity_list":{"seed0":{"l_tot":162,"per_layer":{"0":{"key_erank":86.35791015625,"key_ner":0.5330735194830247,"key_r":162,"value_erank":51.59626388549805,"value_ner":0.3184954560833213,"value_r":162,"hidden_pr":5.428456783294678},"1":{"key_erank":87.57420349121094,"key_ner":0.5405815030321662,"key_r":162,"value_erank":71.6385726928711,"value_ner":0.4422134116843895,"value_r":162,"hidden_pr":5.267752170562744},"2":{"key_erank":36.501487731933594,"key_ner":0.22531782550576293,"key_r":162,"value_erank":69.47876739501953,"value_ner":0.42888128021616995,"value_r":162,"hidden_pr":2.2485311031341553},"3":{"key_erank":86.30846405029297,"key_ner":0.5327682966067467,"key_r":162,"value_erank":73.89644622802734,"value_ner":0.4561509026421441,"value_r":162,"hidden_pr":1.3552448749542236},"4":{"key_erank":70.33916473388672,"key_ner":0.4341923749005353,"key_r":162,"value_erank":82.48942565917969,"value_ner":0.5091939855504919,"value_r":162,"hidden_pr":1.1441539525985718},"5":{"key_erank":57.112579345703125,"key_ner":0.35254678608458717,"key_r":162,"value_erank":58.92583465576172,"value_ner":0.36373972009729455,"value_r":162,"hidden_pr":1.1252161264419556},"6":{"key_erank":73.88429260253906,"key_ner":0.45607588026258683,"key_r":162,"value_erank":77.57312774658203,"value_ner":0.478846467571494,"value_r":162,"hidden_pr":1.078055500984192},"7":{"key_erank":68.52009582519531,"key_ner":0.4229635544765143,"key_r":162,"value_erank":63.92216873168945,"value_ner":0.39458128846721885,"value_r":162,"hidden_pr":1.0431309938430786},"8":{"key_erank":71.78502655029297,"key_ner":0.4431174478413146,"key_r":162,"value_erank":72.02397155761719,"value_ner":0.4445924170223283,"value_r":162,"hidden_pr":1.0453752279281616},"9":{"key_erank":78.40247344970703,"key_ner":0.4839658854920187,"key_r":162,"value_erank":69.00875854492188,"value_ner":0.42597999101803624,"value_r":162,"hidden_pr":1.0371391773223877},"10":{"key_erank":56.370269775390625,"key_ner":0.347964628243152,"key_r":162,"value_erank":66.75239562988281,"value_ner":0.4120518248758198,"value_r":162,"hidden_pr":1.0357322692871094},"11":{"key_erank":52.16850662231445,"key_ner":0.32202781865626207,"key_r":162,"value_erank":42.117095947265625,"value_ner":0.25998207374855326,"value_r":162,"hidden_pr":1.037256121635437},"12":{"key_erank":50.513587951660156,"key_ner":0.31181227130654415,"key_r":162,"value_erank":69.45110321044922,"value_ner":0.42871051364474827,"value_r":162,"hidden_pr":1.0435925722122192},"13":{"key_erank":62.87886428833008,"key_ner":0.3881411375822844,"key_r":162,"value_erank":75.58128356933594,"value_ner":0.466551133144049,"value_r":162,"hidden_pr":1.0582963228225708},"14":{"key_erank":61.64630126953125,"key_ner":0.38053272388599535,"key_r":162,"value_erank":78.76031494140625,"value_ner":0.48617478358892746,"value_r":162,"hidden_pr":1.073045015335083},