{
 "note": "B5 pre-registered extension; B4 verdict immutable",
 "gemma_R_diff_table": {
  "gemma-3-270m": {
   "b4_rescue_global_only_R": 0.6566418615254224,
   "v2_all_layer_R": 0.8876458759127757,
   "v2_global_only_R": 0.6612773457438467,
   "v2all_minus_b4rescue": 0.2310040143873533,
   "v2glob_minus_b4rescue": 0.004635484218424302
  },
  "gemma-3-1b": {
   "b4_rescue_global_only_R": 0.715003556033065,
   "v2_all_layer_R": 0.8813481407879116,
   "v2_global_only_R": 0.7166518552259221,
   "v2all_minus_b4rescue": 0.1663445847548466,
   "v2glob_minus_b4rescue": 0.0016482991928571389
  },
  "gemma-3-4b": {
   "b4_rescue_global_only_R": 0.7247726349552299,
   "v2_all_layer_R": 0.8794419909463382,
   "v2_global_only_R": 0.7241495079520697,
   "v2all_minus_b4rescue": 0.15466935599110831,
   "v2glob_minus_b4rescue": -0.0006231270031602509
  },
  "gemma-3-12b": {
   "b4_rescue_global_only_R": 0.7297155821979964,
   "v2_all_layer_R": 0.8279605056342605,
   "v2_global_only_R": 0.7322429075633194,
   "v2all_minus_b4rescue": 0.09824492343626412,
   "v2glob_minus_b4rescue": 0.0025273253653230743
  },
  "gemma-3-27b": {
   "b4_rescue_global_only_R": 0.7489640828173807,
   "v2_all_layer_R": 0.9161762042834434,
   "v2_global_only_R": 0.7758993016379684,
   "v2all_minus_b4rescue": 0.16721212146606268,
   "v2glob_minus_b4rescue": 0.026935218820587692
  }
 },
 "dataset": [
  {
   "name": "qwen3-0.6b",
   "family": "qwen3",
   "eff": 2048,
   "censored": true,
   "y": 11.0,
   "claimed": 32768,
   "params": 0.6,
   "d_model": 1024,
   "R": 0.8267713144850597,
   "R_n_layers_used": 28,
   "n_layers": 28,
   "A_mass": 8.998389258813113,
   "A_gini": 0.941053513186946,
   "W_erank_all": 575.3093773978097,
   "W_ner_all": 0.5618255638650486,
   "W_erank_band": 556.2177564832899,
   "W_kJ": 8.159999999999998,
   "band_healthy": true
  },
  {
   "name": "qwen3-1.7b",
   "family": "qwen3",
   "eff": 8192,
   "censored": false,
   "y": 13.0,
   "claimed": 32768,
   "params": 1.7,
   "d_model": 2048,
   "R": 0.8553116316350544,
   "R_n_layers_used": 28,
   "n_layers": 28,
   "A_mass": 9.129942685570567,
   "A_gini": 0.9357255498007062,
   "W_erank_all": 687.1817997523716,
   "W_ner_all": 0.6710759763206754,
   "W_erank_band": 690.5226169162327,
   "W_kJ": 8.39,
   "band_healthy": true
  },
  {
   "name": "qwen3-4b",
   "family": "qwen3",
   "eff": 32768,
   "censored": false,
   "y": 15.0,
   "claimed": 131072,
   "params": 4.0,
   "d_model": 2560,
   "R": 0.8054432716605182,
   "R_n_layers_used": 36,
   "n_layers": 36,
   "A_mass": 17.696762049756945,
   "A_gini": 0.9296080765719088,
   "W_erank_all": 725.9192064073351,
   "W_ner_all": 0.7089054750071632,
   "W_erank_band": 737.6172041459517,
   "W_kJ": 7.468333333333331,
   "band_healthy": true
  },
  {
   "name": "qwen3-8b",
   "family": "qwen3",
   "eff": 32768,
   "censored": false,
   "y": 15.0,
   "claimed": 131072,
   "params": 8.0,
   "d_model": 4096,
   "R": 0.8049335556479251,
   "R_n_layers_used": 36,
   "n_layers": 36,
   "A_mass": 16.728844807762652,
   "A_gini": 0.9302665511155337,
   "W_erank_all": 753.4525807698568,
   "W_ner_all": 0.7357935359080633,
   "W_erank_band": 753.3453036221591,
   "W_kJ": 6.723333333333334,
   "band_healthy": true
  },
  {
   "name": "qwen3-14b",
   "family": "qwen3",
   "eff": 65536,
   "censored": false,
   "y": 16.0,
   "claimed": 131072,
   "params": 14.0,
   "d_model": 5120,
   "R": 0.7956909019125021,
   "R_n_layers_used": 40,
   "n_layers": 40,
   "A_mass": 19.54110100120306,
   "A_gini": 0.931790882866891,
   "W_erank_all": 759.4239883422852,
   "W_ner_all": 0.7416249886155128,
   "W_erank_band": 783.8308809720553,
   "W_kJ": 0.5516666666666667,
   "band_healthy": false
  },
  {
   "name": "gemma-3-270m",
   "family": "gemma",
   "eff": 2048,
   "censored": true,
   "y": 11.0,
   "claimed": 32768,
   "params": 0.27,
   "d_model": 640,
   "R": 0.8876458759127757,
   "R_n_layers_used": 3,
   "n_layers": 18,
   "A_mass": 2.7197549276053903,
   "A_gini": 0.9390188170063221,
   "W_erank_all": 221.411988152398,
   "W_ner_all": 0.8648905787203047,
   "W_erank_band": 225.60884475708008,
   "W_kJ": 8.433333333333332,
   "band_healthy": true
  },
  {
   "name": "gemma-3-1b",
   "family": "gemma",
   "eff": 2048,
   "censored": true,
   "y": 11.0,
   "claimed": 32768,
   "params": 1.0,
   "d_model": 1152,
   "R": 0.8813481407879116,
   "R_n_layers_used": 4,
   "n_layers": 26,
   "A_mass": 4.0071982994675635,
   "A_gini": 0.9160180702948515,
   "W_erank_all": 220.7997817993164,
   "W_ner_all": 0.8624991476535797,
   "W_erank_band": 229.06642368861608,
   "W_kJ": 8.8,
   "band_healthy": true
  },
  {
   "name": "gemma-3-4b",
   "family": "gemma",
   "eff": 16384,
   "censored": false,
   "y": 14.0,
   "claimed": 131072,
   "params": 4.0,
   "d_model": 2560,
   "R": 0.8794419909463382,
   "R_n_layers_used": 5,
   "n_layers": 34,
   "A_mass": 8.495163859482854,
   "A_gini": 0.9236345992721955,
   "W_erank_all": 637.3592996036305,
   "W_ner_all": 0.6224211910191704,
   "W_erank_band": 654.1030245694247,
   "W_kJ": 8.405000000000001,
   "band_healthy": true
  },
  {
   "name": "gemma-3-12b",
   "family": "gemma",
   "eff": 65536,
   "censored": false,
   "y": 16.0,
   "claimed": 131072,
   "params": 12.0,
   "d_model": 3840,
   "R": 0.8279605056342605,
   "R_n_layers_used": 8,
   "n_layers": 48,
   "A_mass": 16.28720193339512,
   "A_gini": 0.9302787857328978,
   "W_erank_all": 1063.5080998738606,
   "W_ner_all": 0.5192910643915335,
   "W_erank_band": 1110.0302429199219,
   "W_kJ": 6.703333333333333,
   "band_healthy": true
  },
  {
   "name": "gemma-3-27b",
   "family": "gemma",
   "eff": 65536,
   "censored": false,
   "y": 16.0,
   "claimed": 131072,
   "params": 27.0,
   "d_model": 5376,
   "R": 0.9161762042834434,
   "R_n_layers_used": 9,
   "n_layers": 62,
   "A_mass": 25.19792679898441,
   "A_gini": 0.9495272572967512,
   "W_erank_all": 1056.3673203991304,
   "W_ner_all": 0.5158043556636379,
   "W_erank_band": 1190.321255493164,
   "W_kJ": 4.356666666666667,
   "band_healthy": true
  },
  {
   "name": "llama-3.1-8b",
   "family": "llama",
   "eff": 32768,
   "censored": false,
   "y": 15.0,
   "claimed": 131072,
   "params": 8.0,
   "d_model": 4096,
   "R": 0.9051437921009112,
   "R_n_layers_used": 32,
   "n_layers": 32,
   "A_mass": 11.053891981057824,
   "A_gini": 0.9443363872057438,
   "W_erank_all": 777.4834022521973,
   "W_ner_all": 0.7592611350119114,
   "W_erank_band": 753.5428588867187,
   "W_kJ": null,
   "band_healthy": false
  },
  {
   "name": "mistral-7b",
   "family": "mistral",
   "eff": 16384,
   "censored": false,
   "y": 14.0,
   "claimed": 32768,
   "params": 7.0,
   "d_model": 4096,
   "R": 0.879837405139146,
   "R_n_layers_used": 32,
   "n_layers": 32,
   "A_mass": 12.225589608792216,
   "A_gini": 0.9444162645488852,
   "W_erank_all": 785.8394327163696,
   "W_ner_all": 0.7674213210120797,
   "W_erank_band": 750.9381286621094,
   "W_kJ": null,
   "band_healthy": false
  },
  {
   "name": "mistral-nemo",
   "family": "mistral",
   "eff": 16384,
   "censored": false,
   "y": 14.0,
   "claimed": 131072,
   "params": 12.0,
   "d_model": 5120,
   "R": 0.832348698478122,
   "R_n_layers_used": 40,
   "n_layers": 40,
   "A_mass": 15.555010403729975,
   "A_gini": 0.926893213246003,
   "W_erank_all": 792.1524108886719,
   "W_ner_all": 0.7735863387584686,
   "W_erank_band": 761.7719116210938,
   "W_kJ": null,
   "band_healthy": false
  },
  {
   "name": "yi-34b",
   "family": "yi",
   "eff": 32768,
   "censored": false,
   "y": 15.0,
   "claimed": 204800,
   "params": 34.0,
   "d_model": 7168,
   "R": 0.9217030427319094,
   "R_n_layers_used": 60,
   "n_layers": 60,
   "A_mass": 31.06610534157604,
   "A_gini": 0.9534020748548699,
   "W_erank_all": 808.9984776814779,
   "W_ner_all": 0.7900375758608182,
   "W_erank_band": 837.1432270250822,
   "W_kJ": null,
   "band_healthy": true
  },
  {
   "name": "phi3-mini",
   "family": "phi",
   "eff": 32768,
   "censored": false,