{"np_model_id":"megabeam-mistral-7b","hf_model_name":"aws-prototyping/MegaBeam-Mistral-7B-512k","n_layers_config":32,"d_model":4096,"dtype":"bfloat16","smoke_mode":false,"num_key_value_heads":8,"head_dim":128,"n_layers_cache":32,"neutral":{"n_prompts":100,"max_seq_len":128,"l_tot":12800,"per_layer":{"0":{"key_erank":65.94203186035156,"key_ner":0.06439651548862457,"key_r":1024,"value_erank":387.4841003417969,"value_ner":0.378402441740036,"value_r":1024,"hidden_pr":1.6914329528808594},"1":{"key_erank":143.93313598632812,"key_ner":0.14055970311164856,"key_r":1024,"value_erank":544.2329711914062,"value_ner":0.5314775109291077,"value_r":1024,"hidden_pr":1.0008127689361572},"2":{"key_erank":477.731689453125,"key_ner":0.4665348529815674,"key_r":1024,"value_erank":721.5343017578125,"value_ner":0.7046233415603638,"value_r":1024,"hidden_pr":1.001625895500183},"3":{"key_erank":373.5888366699219,"key_ner":0.3648328483104706,"key_r":1024,"value_erank":769.6956176757812,"value_ner":0.7516558766365051,"value_r":1024,"hidden_pr":1.003027081489563},"4":{"key_erank":449.8013916015625,"key_ner":0.4392591714859009,"key_r":1024,"value_erank":771.9634399414062,"value_ner":0.7538705468177795,"value_r":1024,"hidden_pr":1.0049668550491333},"5":{"key_erank":497.11614990234375,"key_ner":0.48546499013900757,"key_r":1024,"value_erank":824.7940063476562,"value_ner":0.8054628968238831,"value_r":1024,"hidden_pr":1.0077329874038696},"6":{"key_erank":471.44219970703125,"key_ner":0.4603927731513977,"key_r":1024,"value_erank":778.2009887695312,"value_ner":0.7599619030952454,"value_r":1024,"hidden_pr":1.011690616607666},"7":{"key_erank":466.6844177246094,"key_ner":0.45574650168418884,"key_r":1024,"value_erank":790.715576171875,"value_ner":0.7721831798553467,"value_r":1024,"hidden_pr":1.0155898332595825},"8":{"key_erank":474.12042236328125,"key_ner":0.46300822496414185,"key_r":1024,"value_erank":760.3276977539062,"value_ner":0.7425075173377991,"value_r":1024,"hidden_pr":1.0214630365371704},"9":{"key_erank":539.8489379882812,"key_ner":0.5271962285041809,"key_r":1024,"value_erank":749.8391723632812,"value_ner":0.7322648167610168,"value_r":1024,"hidden_pr":1.0268851518630981},"10":{"key_erank":502.1405944824219,"key_ner":0.4903716742992401,"key_r":1024,"value_erank":727.0900268554688,"value_ner":0.7100488543510437,"value_r":1024,"hidden_pr":1.0344027280807495},"11":{"key_erank":495.8190612792969,"key_ner":0.48419830203056335,"key_r":1024,"value_erank":740.8933715820312,"value_ner":0.7235286831855774,"value_r":1024,"hidden_pr":1.042802095413208},"12":{"key_erank":515.8262329101562,"key_ner":0.5037365555763245,"key_r":1024,"value_erank":739.1558837890625,"value_ner":0.7218319177627563,"value_r":1024,"hidden_pr":1.050838589668274},"13":{"key_erank":527.6753540039062,"key_ner":0.5153079628944397,"key_r":1024,"value_erank":778.2224731445312,"value_ner":0.7599828839302063,"value_r":1024,"hidden_pr":1.0630697011947632},"14":{"key_erank":515.4630737304688,"key_ner":0.5033819079399109,"key_r":1024,"value_erank":795.7685546875,"value_ner":0.7771177291870117,"value_r":1024,"hidden_pr":1.0783412456512451},"15":{"key_erank":508.5941467285156,"key_ner":0.49667397141456604,"key_r":1024,"value_erank":816.622802734375,"value_ner":0.7974832057952881,"value_r":1024,"hidden_pr":1.1002388000488281},"16":{"key_erank":525.5389404296875,"key_ner":0.5132216215133667,"key_r":1024,"value_erank":830.0445556640625,"value_ner":0.810590386390686,"value_r":1024,"hidden_pr":1.1327793598175049},"17":{"key_erank":531.3511352539062,"key_ner":0.5188975930213928,"key_r":1024,"value_erank":797.2874755859375,"value_ner":0.7786010503768921,"value_r":1024,"hidden_pr":1.1807811260223389},"18":{"key_erank":540.0250244140625,"key_ner":0.5273681879043579,"key_r":1024,"value_erank":816.7509155273438,"value_ner":0.7976083159446716,"value_r":1024,"hidden_pr":1.253904104232788},"19":{"key_erank":529.1032104492188,"key_ner":0.5167023539543152,"key_r":1024,"value_erank":839.16796875,"value_ner":0.8194999694824219,"value_r":1024,"hidden_pr":1.3741083145141602},"20":{"key_erank":545.490478515625,"key_ner":0.532705545425415,"key_r":1024,"value_erank":836.0,"value_ner":0.81640625,"value_r":1024,"hidden_pr":1.5052636861801147},"21":{"key_erank":568.7565307617188,"key_ner":0.555426299571991,"key_r":1024,"value_erank":804.01171875,"value_ner":0.7851676940917969,"value_r":1024,"hidden_pr":1.6489514112472534},"22":{"key_erank":594.4227905273438,"key_ner":0.5804910063743591,"key_r":1024,"value_erank":813.4736328125,"value_ner":0.794407844543457,"value_r":1024,"hidden_pr":1.7972500324249268},"23":{"key_erank":606.5050048828125,"key_ner":0.5922900438308716,"key_r":1024,"value_erank":841.2898559570312,"value_ner":0.8215721249580383,"value_r":1024,"hidden_pr":1.9792553186416626},"24":{"key_erank":631.8663940429688,"key_ner":0.6170570254325867,"key_r":1024,"value_erank":860.9682006835938,"value_ner":0.840789258480072,"value_r":1024,"hidden_pr":2.185563802719116},"25":{"key_erank":632.9906616210938,"key_ner":0.6181549429893494,"key_r":1024,"value_erank":859.364501953125,"value_ner":0.8392231464385986,"value_r":1024,"hidden_pr":2.422842264175415},"26":{"key_erank":609.244140625,"key_ner":0.5949649810791016,"key_r":1024,"value_erank":837.515380859375,"value_ner":0.8178861141204834,"value_r":1024,"hidden_pr":2.7193989753723145},"27":{"key_erank":637.9874877929688,"key_ner":0.623034656047821,"key_r":1024,"value_erank":840.0531616210938,"value_ner":0.8203644156455994,"value_r":1024,"hidden_pr":3.151553153991699},"28":{"key_erank":579.238525390625,"key_ner":0.5656626224517822,"key_r":1024,"value_erank":821.056396484375,"value_ner":0.8018128871917725,"value_r":1024,"hidden_pr":3.832465648651123},"29":{"key_erank":590.91650390625,"key_ner":0.5770668983459473,"key_r":1024,"value_erank":860.7937622070312,"value_ner":0.840618908405304,"value_r":1024,"hidden_pr":4.975268840789795},"30":{"key_erank":563.0735473632812,"key_ner":0.5498765110969543,"key_r":1024,"value_erank":794.2264404296875,"value_ner":0.7756117582321167,"value_r":1024,"hidden_pr":9.150837898254395},"31":{"key_erank":558.7598876953125,"key_ner":0.5456639528274536,"key_r":1024,"value_erank":802.2531127929688,"value_ner":0.7834503054618835,"value_r":1024,"hidden_pr":83.39571380615234}}},"neutral_elapsed_s":51.99114727973938}